
<Shapes xmlns="http://www.evolus.vn/Namespace/Pencil" 
xmlns:p="http://www.evolus.vn/Namespace/Pencil" 
xmlns:svg="http://www.w3.org/2000/svg" 
xmlns:xlink="http://www.w3.org/1999/xlink" 
id="mdelorme.Ext.Icons" 
displayName="Ext Icons " 
description="Ext JS mini icons collection" 
author="Maxime Delorme (mdelorme@tennaxia.com)" 
url="http://www.tennaxia.com/pencil/ExtJs.GUI.zip">
    <Shape id="Bitmap_close" displayName="close" icon="Icons/close.png">
        <p:Content xmlns:p="http://www.evolus.vn/Namespace/Pencil" xmlns="http://www.w3.org/2000/svg">
            <image xlink:href="data:image/png;base64, iVBORw0KGgoAAAANSUhEUgAAAA8AAAAPCAYAAAA71pVKAAAAAXNSR0IArs4c6QAAAAZiS0dE AP8A/wD/oL2nkwAAAAlwSFlzAAALEwAACxMBAJqcGAAAAAd0SU1FB9gJDAcQI5iVnI0AAAAZ dEVYdENvbW1lbnQAQ3JlYXRlZCB3aXRoIEdJTVBXgQ4XAAABCUlEQVQoz6WTP8rCQBDF344p bb5GAi6eQYRPJZ2ieIAcwtI6J0id0s4LBASxED2BSvAQEVOJ1ol/iriTrFFQfDCw+3Z+85Il EXhovIxu+FDDvimQB78RB30L5geQSj9d05rMQl7nK+8rMRwnwHQewvV8TOch4gRcz76SoRbJ BRj0JAAbrucDsDHoSSxWKeiM0n1yeQHHD7Pb0QcosNuR3FOAj+fseeoNE84oA+sNUzuvlQ39 nYkE1y6IGHQ9H7sg0s4LF1YiQokIwfbA4H+zygOC7YF7CjCRwGa9Z7DVliASaLUlD9is91qy kSUDliXhwIZlSe1i3vmcXPnLGl9J+arv529b/PJX3QF7KB2f8DUptgAAAABJRU5ErkJggg==" height="15" width="15" id="image"/>
        </p:Content>
    </Shape>
    <Shape id="Bitmap_minimize" displayName="minimize" icon="Icons/minimize.png">
        <p:Content xmlns:p="http://www.evolus.vn/Namespace/Pencil" xmlns="http://www.w3.org/2000/svg">
            <image id="image" height="15" width="15" xlink:href="data:image/png;base64,iVBORw0KGgoAAAANSUhEUgAAAA8AAAAPCAYAAAA71pVKAAAAAXNSR0IArs4c6QAAAAZiS0dE AP8A/wD/oL2nkwAAAAlwSFlzAAALEwAACxMBAJqcGAAAAAd0SU1FB9gJDAcRFtc9ae8AAAAZ dEVYdENvbW1lbnQAQ3JlYXRlZCB3aXRoIEdJTVBXgQ4XAAAAjklEQVQoz2NkgIKZu1/8ZyAS pLtKMDIgayQFwC0iVSOyASww2z/8YyAaCDBBaLjm33+I18zAhqb5z18GkgHCZko0v/tIvLvl eFhQNTMxQaLu3JnnODUZmUhit5mZCRKE7RPX4tS8bmkeds0wmyvzg3FqhqnBYjOEtrKSIdrv TDCGmCBxGjDUkZu2GSnJVQACELqwAhqLqgAAAABJRU5ErkJggg== "/>
        </p:Content>
    </Shape>
    <Shape id="Bitmap_maximize" displayName="maximize" icon="Icons/maximize.png">
        <p:Content xmlns:p="http://www.evolus.vn/Namespace/Pencil" xmlns="http://www.w3.org/2000/svg">
            <image id="image" height="15" width="15" xlink:href="data:image/png;base64,iVBORw0KGgoAAAANSUhEUgAAAA8AAAAPCAYAAAA71pVKAAAAAXNSR0IArs4c6QAAAAZiS0dE AP8A/wD/oL2nkwAAAAlwSFlzAAALEwAACxMBAJqcGAAAAAd0SU1FB9gJDAcRNuxTSScAAAAZ dEVYdENvbW1lbnQAQ3JlYXRlZCB3aXRoIEdJTVBXgQ4XAAAAn0lEQVQoz2NkgIKZu1/8ZyAS pLtKMDIgayQFwC0iVSOyASww2z/8YyAaCDBBaLjm338YGDxiNhPUuGOJLwMDG4TNBBP885c4 W5HVIWyGCq6f54tTY2DSZrg6FM3vPv5BoXGBdx//MMjxsKBqZmJiRKFxAWR5uGZmJiYUGhdA lsewOS53Czk2MzAsn+7LQAqAu0FMkDgNGOrITduMlOQqAMxexSYv4qqOAAAAAElFTkSuQmCC "/>
        </p:Content>
    </Shape>
    <Shape id="Bitmap_plus" displayName="plus" icon="Icons/plus.png">
        <p:Content xmlns:p="http://www.evolus.vn/Namespace/Pencil" xmlns="http://www.w3.org/2000/svg">
            <image id="image" height="15" width="15" xlink:href="data:image/png;base64, iVBORw0KGgoAAAANSUhEUgAAAA8AAAAPCAYAAAA71pVKAAAAAXNSR0IArs4c6QAAAAZiS0dE AP8A/wD/oL2nkwAAAAlwSFlzAAALEwAACxMBAJqcGAAAAAd0SU1FB9gJDAcXEGgEa1wAAAAZ dEVYdENvbW1lbnQAQ3JlYXRlZCB3aXRoIEdJTVBXgQ4XAAAA5UlEQVQoz2NkgIKZu1/8ZyAS pLtKMDIgayQFwC0iVSOyASww2z/8YyAaCDBBaCaYwO8/qPj+058MTYvvMdx/+hNDDgbgNv/5 i2nD/QeXGRgYpLHKoWj+DVXw9v1PDEUv3kDEhAXZsWt+9xHinsX7nkJthICmeTsYGBgYGBQV dBniXOQYGBgYGOR4WFA1MzFBoi7IXJSBwdyJgYGBgaF35T6G4nAnBnQ1GDYzM0HCTlCQh4GB gYHh/fsvcEUwMZx+RjcV5lRccmg2o0qIifIyZPjw4o1vuBYxQeISCIY6ctM2IyW5CgAgxuKX t7VLngAAAABJRU5ErkJggg== "/>
        </p:Content>
    </Shape>
    <Shape id="Bitmap_minus" displayName="minus" icon="Icons/minus.png">
        <p:Content xmlns:p="http://www.evolus.vn/Namespace/Pencil" xmlns="http://www.w3.org/2000/svg">
            <image id="image" height="15" width="15" xlink:href="data:image/png;base64, iVBORw0KGgoAAAANSUhEUgAAAA8AAAAPCAYAAAA71pVKAAAAAXNSR0IArs4c6QAAAAZiS0dE AP8A/wD/oL2nkwAAAAlwSFlzAAALEwAACxMBAJqcGAAAAAd0SU1FB9gJDAcXH/i7ds0AAAAZ dEVYdENvbW1lbnQAQ3JlYXRlZCB3aXRoIEdJTVBXgQ4XAAAAoUlEQVQoz2NkgIKZu1/8ZyAS pLtKMDIgayQFwC0iVSOyASww2z/8YyAaCDBBaLjm33+I18zAhqb5z18GkgHCZqjmt+9/4lQs LMiOXfO7jxB3L973lOH+g8sYGhUVdBniXOQYGBgYGOR4WFA1MzFBoi7IXJSBwdwJq80wNRg2 MzNBglBQkId0P6ObSpJmZibSQxuuRUyQOA0Y6shN24yU5CoA4im8qnRN3qEAAAAASUVORK5C YII= "/>
        </p:Content>
    </Shape>
    <Shape id="Bitmap_windows" displayName="window" icon="Icons/window_mini.png">
        <p:Content xmlns:p="http://www.evolus.vn/Namespace/Pencil" xmlns="http://www.w3.org/2000/svg">
            <image id="image" height="15" width="15" xlink:href="data:image/png;base64, iVBORw0KGgoAAAANSUhEUgAAAA8AAAAPCAYAAAA71pVKAAAAAXNSR0IArs4c6QAAAAZiS0dE AP8A/wD/oL2nkwAAAAlwSFlzAAALEwAACxMBAJqcGAAAAAd0SU1FB9gJDAcSFBIeWwAAAAAZ dEVYdENvbW1lbnQAQ3JlYXRlZCB3aXRoIEdJTVBXgQ4XAAAAvklEQVQoz2NkgIKZu1/8ZyAS pLtKMDIgayQFwC0iVSOyASww2z/8YyAaCDBBaLjm338Qkh4xm3Fq3LHEl4GBDU3zn7+oinJj DTE0Tl58HkUdwmY0zU6OMlg1/8am+d3HPwzJhdvhEoFJqE6f2+8JVyfHw4KqmYmJEa9zYQbD 1KFoZmaCBKGpmTRmKC0+z7Bosg+GMIbNyCYjA2ziSDZD6Jhs7NEEk8eqWUyQgWH5dF+CCURM EE2A3LTNSEmuAgDtYdFPEQyQPQAAAABJRU5ErkJggg== "/>
        </p:Content>
    </Shape>
    <Shape id="Bitmap_print" displayName="print" icon="Icons/print.png">
        <p:Content xmlns:p="http://www.evolus.vn/Namespace/Pencil" xmlns="http://www.w3.org/2000/svg">
            <image id="image" height="15" width="15" xlink:href="data:image/png;base64, iVBORw0KGgoAAAANSUhEUgAAAA8AAAAOCAYAAADwikbvAAAAAXNSR0IArs4c6QAAAAZiS0dE AP8A/wD/oL2nkwAAAAlwSFlzAAALEwAACxMBAJqcGAAAAAd0SU1FB9gJDAcYI1BMFoUAAAAZ dEVYdENvbW1lbnQAQ3JlYXRlZCB3aXRoIEdJTVBXgQ4XAAABUUlEQVQoz52SP0hCURSHv3vf IyoiEisEwbIcHCSstYaWhlaHhnBqyKmlIZpCXIOWJqM5IqGpJXSUhnAJpBokwQgUKQpCKN+7 r+HV85kK5QeXc//8fuece7kApLNV6z+ks1WLfozuBDrfvCo7bqTyuImE/GyvB9v2xqQdHXPT aB2eJ5eceSyZ5+AEttZcCQbsIH/WhmmP30RCfoqlJw7Pyh2aVuUuRoBUPAgEiSXzNM329h3z y5vB9d0z0fAUqdMKhmGilEIpC2UpZvwedvZz7G4uExjR281SCrJXJTJ7i107OMrVuLktIaXo rKxJiaksau91jgsJxocDCCT1xiNRbwaAxscnmpSdZikFuq5RKE8Q9Z47Av+Q645C9KoM4Wkf F5dFBvVRDNVEKIWwTJRocF95YG52Hk12ebBJD8RXg/RmwdG10e/fFu4E/JHEik8AfAE5WgQQ YXhTaAAAAABJRU5ErkJggg== "/>
        </p:Content>
    </Shape>
    <Shape id="Bitmap_refresh" displayName="refresh" icon="Icons/refresh.png">
        <p:Content xmlns:p="http://www.evolus.vn/Namespace/Pencil" xmlns="http://www.w3.org/2000/svg">
            <image id="image" height="15" width="15" xlink:href="data:image/png;base64, iVBORw0KGgoAAAANSUhEUgAAAA8AAAAPCAYAAAA71pVKAAAAAXNSR0IArs4c6QAAAAZiS0dE AP8A/wD/oL2nkwAAAAlwSFlzAAALEwAACxMBAJqcGAAAAAd0SU1FB9gJDAcXBHLevyEAAAAZ dEVYdENvbW1lbnQAQ3JlYXRlZCB3aXRoIEdJTVBXgQ4XAAABGElEQVQoz2NkgIKZu1/8ZyAS pLtKMDIgayQFwC0iVSOyAUww2z/8w44DGzdiiMEAXPPvP6j4yIV3DEcuvGNgYGBgSGzeiCIH Aywwxp+/EPrs9XcMczcfxgiktPaNDNPK/FHE4Jp/QzXP3XyYYWIxQlF+70YGBgYGhonF/nA1 GM5+9/EPw7uPfxiSfW0Z3n38w5Dfu5Hh3UeIG+tTvBku3XoHV4OhmYmJkYGJiZFBTpKfoXHO VrhYY5oPAxMTI8PczYfhajCczcwEMadmxia4ZP2sLXB2sq8tXA2GZpiJbVn+DFXTNsI1MDAw MCjLCmFNaUwImxG4MwcSYGryQgxq8kIocsxMWDSLCaKaCjMAHaCrIzttM1KSqwBSdA2T8uht 8gAAAABJRU5ErkJggg== "/>
        </p:Content>
    </Shape>
    <Shape id="Bitmap_save" displayName="save" icon="Icons/save.png">
        <p:Content xmlns:p="http://www.evolus.vn/Namespace/Pencil" xmlns="http://www.w3.org/2000/svg">
            <image id="image" height="15" width="15" xlink:href="data:image/png;base64, iVBORw0KGgoAAAANSUhEUgAAAA8AAAAPCAYAAAA71pVKAAAAAXNSR0IArs4c6QAAAAZiS0dE AP8A/wD/oL2nkwAAAAlwSFlzAAALEwAACxMBAJqcGAAAAAd0SU1FB9gJDAcYAYUsV2EAAAAZ dEVYdENvbW1lbnQAQ3JlYXRlZCB3aXRoIEdJTVBXgQ4XAAABfklEQVQoz6WTsWpUURCGv5lz 97Jct8iCRCGQVwhEDPbBziewl7BVCFhoZWO6BC0EUcFKEZ/AwjcQtAsIgoREJSibbHbZ3ey9 58xYxGxWE8XoX00x33wwzAg/8uj1jvOXWbp6UZgEz5Kx6Kzg5IDsyN4xuPN4gyCRZiPny9ch otAoAubCXneImXDv5gJTesiM4SpCe6/Hs9tXWH7wlocrlwA4iFAmePLqMxsftqkikP8CxwSq QpWM9dY8Zo4DAafIYDQa0e2XxHS8uGNzgnpNuftyExWIybBkOODu4FDUjGoC1qNidz8SzQla QyRDCIgEcMVdqGKkLCO7+/GkWVXoDSpa15pEKw/nOrgY9Sxn7cUW7W4fVTkJB1WSOcaQp++W OF/MIijfBtvcuHwfpc5gVBJUTzdnWeBCo8fi3AJT+QwodA5mmD4XKXLIRH5nhsanN7TWFqln 14lWIWaIJ55Lm/dbH+n0K4Kesu3pJtxaXf7DRc+P+37Kv962/M9XfQe5fTaZngRIvwAAAABJ RU5ErkJggg== "/>
        </p:Content>
    </Shape>
    <Shape id="Bitmap_search" displayName="search" icon="Icons/search.png">
        <p:Content xmlns:p="http://www.evolus.vn/Namespace/Pencil" xmlns="http://www.w3.org/2000/svg">
            <image id="image" height="15" width="15" xlink:href="data:image/png;base64, iVBORw0KGgoAAAANSUhEUgAAAA8AAAAPCAYAAAA71pVKAAAAAXNSR0IArs4c6QAAAAZiS0dE AP8A/wD/oL2nkwAAAAlwSFlzAAALEwAACxMBAJqcGAAAAAd0SU1FB9gJDAcXLEdrF9sAAAAZ dEVYdENvbW1lbnQAQ3JlYXRlZCB3aXRoIEdJTVBXgQ4XAAABp0lEQVQoz6WTzUtUYRSHn3uu hdFAM5CDBiHI4GI2CUa5chG01KVB4KJVoP+BLizBhQt3Cg6UuklFBUkQF4okBILRh8H4eXXM 5jZfOoyjTpfuHafFNPeOTgutHxxeOO95zu/wcl6FPwrMR3NcUs8fVyoUg1eRbXRVsLhBWcE9 deaM1d07Ry5r0tXRTEfXONcUk5cvWu17t+RPKSRMKx/bUaiuvU9oc4XDU9D31rnje8DcQsKu KciGrWw+Xg+8IR7eJZ0+YXrmG0ZWxbBURl712TUlsJmFxXdRkgkdX91DKmvuEY7EcHtu463y cdPlZnJiBfNvcPLIYnl5CdetCt4Od5OJr+G/e4PY7gemAm1E9oMMDXSSPHLmth9MROF6uYuW Z0/Y2raIaUs0NPr59OURTU9b0cO/WJzqQUQpdVZFMIwMpgXBj/Nsrc6iipATFRHQgu/Z2fiM KlIKiygcpxKEQhY/M2m+R04RUUgd6Kx93Sf+QyOqa+ecyxxn0PdWGe1vpziXiGjMjvVgnCSp 9dejOsYO7PXA4HCgZI8v5ryeCwX/utvK//yq32cxR5PejeYkAAAAAElFTkSuQmCC "/>
        </p:Content>
    </Shape>
    <Shape id="Bitmap_config" displayName="Config" icon="Icons/config.png">
        <p:Content xmlns:p="http://www.evolus.vn/Namespace/Pencil" xmlns="http://www.w3.org/2000/svg">
            <image id="image" height="15" width="15" xlink:href="data:image/png;base64, iVBORw0KGgoAAAANSUhEUgAAAA8AAAAPCAYAAAA71pVKAAAAAXNSR0IArs4c6QAAAAZiS0dE AP8A/wD/oL2nkwAAAAlwSFlzAAALEwAACxMBAJqcGAAAAAd0SU1FB9gJDAcUO++Vwd8AAAAZ dEVYdENvbW1lbnQAQ3JlYXRlZCB3aXRoIEdJTVBXgQ4XAAABm0lEQVQoz6WTTUgbURRGz7zM SIuiGY2SgrYaKFqSQCALhYILS0U3Ll0oQRCkCOLWheu6cWdByFqhoqJgQSoVCqKFYlftqhVU RKotJSYdo5nkzdTFmNExG60fXC68+517H+9H4VLJD8f/uKVevQwqXAfvInfQXcHrDdTi9LTt 3dqb6W0AVOWE4eFOT80vnOzCBenkxeWvGBmDcOwpuz9+8ag+zOTkKqGWKD3dDY6pzEmiCEvL iUrdTyQeRQiNcKwRTSsjEHzM0eFP11OUCxcsJ75/2yWfk2xvfWZ9ZYn9nQNqgwHSqbTrKYFT GUlyep32zjaktCmYJomhfsorNGzLokqv5vX4FKmMLIWFcK5uNrmAlBbReJyNj3s8KNcxcwWM dBbjVHF9HtgnBH0DL6gJVHGezWPbKpX+h5i5PMbfLObZMeMTI/iEi1yddrGjefaHd2/n0GuD NDU/48vmJ0LNEVRV80z1wL7LhqNjgwDMz7xnY22N9o44T0I1tD7vKHmmLlynw++Tq0Jvoove RFcJUKffWPjft63c51ddAIsHJiYcQyzmAAAAAElFTkSuQmCC "/>
        </p:Content>
    </Shape>
    <Shape id="Bitmap_help" displayName="help" icon="Icons/help.png">
        <p:Content xmlns:p="http://www.evolus.vn/Namespace/Pencil" xmlns="http://www.w3.org/2000/svg">
            <image id="image" height="15" width="15" xlink:href="data:image/png;base64, iVBORw0KGgoAAAANSUhEUgAAAA8AAAAPCAYAAAA71pVKAAAAAXNSR0IArs4c6QAAAAZiS0dE AP8A/wD/oL2nkwAAAAlwSFlzAAALEwAACxMBAJqcGAAAAAd0SU1FB9gJDAcYFZ/2gxwAAAAZ dEVYdENvbW1lbnQAQ3JlYXRlZCB3aXRoIEdJTVBXgQ4XAAABL0lEQVQoz2NkgIKZu1/8ZyAS pLtKMDIgayQFwC0iVSOyASww2z/8g9Cfvv5kWLz9EsPlu68YeLnYGDTkRRhCnbUY+LjZ4S4V YILQcM2//0Do1XuvMZy5/oyBgYGB4eevPwxHPjxieP3+G0NxtDXC02xomv/8hdA3Hr5hYGBg YEj2M2FgZ2VhmLb2BMOjlx/h8sgAYTNUsjbZleHX778MLCxMDAu3nGFgYGBgMFCTgstj1fzu 4x8Uia1HLzJcuPWMQU5CiMHRWBNFXo6HBVUzExMjiuZLd54ysLGyMMR6mTOwsTBjjW+4ZmYm JhSJvDBHBiYmRgZONlaciQWnzT1LdzMwMDAwtGX5E9bMjGoxg4mmPFZxrJrFBBkYXr1HSIQ6 G2DVICaIJkBu2makJFcBAPHW8Bgwv9bvAAAAAElFTkSuQmCC "/>
        </p:Content>
    </Shape>
</Shapes>
